{
    "HomeNavigationItem": "Home",
    "AboutNavigationItem": "About",
    "SettingsNavigationItem": "Settings",

    "HomePageHeader": "Home",
    "LaunchDataButtonText": "Launch",

    "AboutPageHeader": "About",
    "AboutTextBlock": "Launcher Made By !Sky#0001\n\nCredits:\n\u2022 Mythoris Created By disxc#4534\n\u2022 Backend Made By !Sky#0001\n\u2022 Dll Made By GD#2021\n\u2022 Zinx just helps gd with the dll\n\n\n\n\n\n\n",

    "SettingsPageHeader": "Settings",
    "ExportingHeader": "Path",
    "JsonExportPathTextBox": "Fortnite Path",
    "Email":  "Enter your email",
    "POINamesOnMapLabel": "Do you want the launcher to auto update?",
    "SaveButtonText": "Save Changes",
    "Discord":  "Our Discord Server",
}